{
  "IcoMoonType": "selection",
  "icons": [
    {
      "icon": {
        "paths": [
          "M1024 590.444l-512-397.426-512 397.428v-162.038l512-397.426 512 397.428zM896 576v384h-256v-256h-256v256h-256v-384l384-288z"
        ],
        "tags": [
          "home",
          "house"
        ],
        "defaultCode": 59648,
        "grid": 16,
        "attrs": []
      },
      "attrs": [],
      "properties": {
        "ligatures": "home, house",
        "name": "home",
        "order": 23,
        "id": 1,
        "prevSize": 32
      },
      "setIdx": 4,
      "setId": 1,
      "iconIdx": 0
    },
    {
      "icon": {
        "paths": [
          "M384 928c0 53.019-42.981 96-96 96s-96-42.981-96-96c0-53.019 42.981-96 96-96s96 42.981 96 96z",
          "M1024 928c0 53.019-42.981 96-96 96s-96-42.981-96-96c0-53.019 42.981-96 96-96s96 42.981 96 96z",
          "M1024 512v-384h-768c0-35.346-28.654-64-64-64h-192v64h128l48.074 412.054c-29.294 23.458-48.074 59.5-48.074 99.946 0 70.696 57.308 128 128 128h768v-64h-768c-35.346 0-64-28.654-64-64 0-0.218 0.014-0.436 0.016-0.656l831.984-127.344z"
        ],
        "tags": [
          "cart",
          "purchase",
          "ecommerce",
          "shopping"
        ],
        "defaultCode": 59706,
        "grid": 16,
        "attrs": []
      },
      "attrs": [],
      "properties": {
        "ligatures": "cart, purchase",
        "name": "cart",
        "order": 22,
        "id": 59,
        "prevSize": 32
      },
      "setIdx": 4,
      "setId": 1,
      "iconIdx": 58
    }
  ],
  "height": 1024,
  "preferences": {
    "showGlyphs": true,
    "showQuickUse": true,
    "showQuickUse2": true,
    "showSVGs": true,
    "fontPref": {
      "prefix": "icon-",
      "metadata": {
        "fontFamily": "icomoon"
      },
      "metrics": {
        "emSize": 1024,
        "baseline": 6.25,
        "whitespace": 50
      },
      "embed": false
    },
    "imagePref": {
      "prefix": "icon-",
      "png": false,
      "useClassSelector": true,
      "color": 0,
      "bgColor": 16777215,
      "classSelector": ".icon",
      "name": "tackthatjob",
      "height": 32,
      "columns": 16,
      "margin": 16
    },
    "historySize": 50,
    "showCodes": true,
    "gridSize": 16
  }
}